sentence_s,sentence_t
She took the country bumpkin shopping.,她带着乡下人去购物。
The little boy furtively threw away the broken dish so as not to get a dressing down.,小男孩偷偷地把破碗扔掉，以免挨训。
"See, you got a good talking-to. Didn’t you see your dad was busy when you went to interrupt him?",看，你被好好地训了一顿。你没看到你爸爸在忙吗，当你去打扰他的时候？
This is a rather big case.,这是一个相当大的案件。
He pulled at his pipe for a while and continued to talk.,他抽了抽烟斗，继续说话。
Lao Feng works as an hourly worker in his spare time every weekend so that he can support his son’s attendance at university.,老冯在每个周末的空闲时间做小时工，以便支持他儿子上大学。
That guy made a fortune in those years and even bought a car. He must have benefited by taking advantage of his company.,那个家伙在那些年里赚了一大笔钱，甚至买了一辆车。他一定是通过利用他的公司而获利的。
"To make more money A’mei goes to work in a factory during the day, and works as a bar girl in the evening.",为了赚更多的钱，阿妹白天去工厂工作，晚上则做酒吧女郎。
She cooled the hot porridge in cold water.,她把热粥放在冷水中降温。
I look down on those who like to show off their strength in front of others.,我看不起那些喜欢在别人面前炫耀自己力量的人。
Lao wang gets an itch to play cards as soon as he sees someone else playing. He won’t feel comfortable unless he plays a few rounds.,老王一看到别人打牌就忍不住想玩。他如果不打几局就会感到不舒服。
Tom broke with his friend Steve after a wrangling.,汤姆在一次争吵后与他的朋友史蒂夫断交了。
"Let’s say good-bye now, otherwise you will be late for work again.",我们现在说再见吧，不然你又要迟到上班了。
It’s no use to find her. She won’t give the money back to you.,找她是没用的。她不会把钱还给你的。
Don’t believe him. He always talk nonsense.,不要相信他。他总是胡说八道。
"I heard that the snowstorms in Northeast China are very frightening. Once one starts, it won’t stop for two or three days.",我听说中国东北的暴风雪非常可怕。一旦开始，就会持续两三天不停。
It’s a cinch for me to drink one bottle of beer.,对我来说，喝一瓶啤酒轻而易举。
He is fond of chatting with people.,他喜欢和人聊天。
He set up a stall to sell goldfish after he retired.,他退休后开了一个摊位卖金鱼。
He was caught prying open the lock of a warehouse.,他被抓到撬开一个仓库的锁。
The bush-top became a fad this year in Beijing.,今年在北京，树丛顶部成为了一种时尚。
The gangsters were punished by the police.,黑帮分子被警察惩罚了。
"When my wife decided to marry me, 'a“half-crippled” man', she threw all her high-heels away.",当我的妻子决定嫁给我这个“半残废”的人时，她把所有的高跟鞋都扔掉了。
"He threw the other half of the paper away.', 'There is half of a watermelon left there.",他把另一半纸扔掉了。那里还有半个西瓜。
"He couldn’t say a word for ages.', 'morning', 'afternoon', 'evening","Here is the translation of the provided text into Chinese:

- He couldn’t say a word for ages. - 他好久都说不出话来。
- morning - 早晨
- afternoon - 下午
- evening - 晚上"
"He is very strong.', 'The shoes are excellent.', 'The show is great.","Here are the translations for the provided sentences:

1. 他很强壮。
2. 这些鞋子很好。
3. 这个表演很棒。"
"Some girls think they can have a better life by accompanying rich men.', 'She has no job, but she’s supported by a rich man.",一些女孩认为通过陪伴富有的男人可以过上更好的生活。她没有工作，但她由一个富有的男人支持。
She likes to chat too long on the phone so she spends much money paying her telephone bill.,她喜欢在电话上聊太久，所以她花很多钱支付电话费。
"Before the film hit the theaters, the film company had already started to quick-fry it in order to arouse more media attention.",在电影上映之前，电影公司已经开始快速炒作，以引起更多媒体的关注。
He was beaten severely for stealing things.,他因偷东西而遭到严厉的惩罚。
"He likes to shoot the bull. Whenever he comes, we sit around and listen to him talk.",他喜欢闲聊。每当他来的时候，我们就围坐在一起听他讲。
This competition produced many unexpected results and created a group of young winners.,这场比赛产生了许多意想不到的结果，并培养了一群年轻的获胜者。
"When an accident took place in an amusement park, a tourist immediately called a local evening paper’s hotline and provided them with the news.",当游乐园发生事故时，一名游客立即拨打当地晚报的热线，向他们提供了消息。
The musical play“The Beauty and the Beast” had three shows in Beijing at the end of last year. It was full every time so that they had to put on two extra performances.,音乐剧《美女与野兽》去年年底在北京进行了三场演出。每场都座无虚席，因此他们不得不增加两场额外的演出。
"He hardly ever speaks in public, and it took everyone by surprise when what he said made everyone laugh for quite a while.",他几乎从不在公众场合发言，当他说的话让大家笑了很久时，大家都感到非常惊讶。
Maybe she has already left for Shanghai.,也许她已经离开去上海了。
The bad news almost took her breath away.,坏消息几乎让她窒息。
He drives himself hard to rush his work in order to make more money every day.,他努力工作，拼命赶进度，以便每天赚更多的钱。
That fellow was shot to death yesterday.,那家伙昨天被枪杀了。
He has been so busy recently that he had no time to go to the disco.,他最近忙得不可开交，没时间去迪斯科。
"The wood is very hard.', 'The soup is so delicious.', 'The light is extremely bright.","Here are the translations for the provided sentences:

1. The wood is very hard. - 这木头非常坚硬。
2. The soup is so delicious. - 这汤真好喝。
3. The light is extremely bright. - 这个灯光非常亮。"
The murder was shot to death.,谋杀案的受害者被枪杀。
My son is fond of driving violently and listens to nobody’s warnings. I’m so worried that he will have an accident one day.,我儿子喜欢开车很猛，听不进任何人的警告。我很担心他有一天会出事故。
"Be careful, don’t make the shot go wrong.",小心点，不要让射门失误。
This is a bad article.,这是一篇糟糕的文章。
She looks very healthy. But actually she is often laid low by illness.,她看起来很健康。但实际上，她常常因病而卧床不起。
New parking lines were drawn on both sides of the street to solve the parking problem.,为了解决停车问题，街道两侧重新划了新的停车线。
"He is not afraid of anyone, even his boss.",他不怕任何人，甚至包括他的老板。
"Stop arguing you two. One is a famous brand, another is an inferior brand. They can’t be mentioned in the same breath. It is useless to argue any more.",停止争论你们两个。一个是知名品牌，另一个是劣质品牌。它们不能相提并论。继续争论是没有用的。
He refuses to obey the class monitor.,他拒绝服从班长。
He’s not interested in these kinds of petty matters.,他对这些琐碎的事情不感兴趣。
She doesn’t care what other people think about her.,她不在乎别人对她的看法。
The film is very moving and instructive although what it depicts is trivial.,这部电影非常感人且富有教育意义，尽管它所描绘的内容很琐碎。
"Don’t sit on the windows. This is no trifling matter.', 'I’m serious in telling you not to touch the socket.",不要坐在窗户上。这不是小事。我是认真的，告诉你不要碰插座。
He is a villain who depends on slandering others and licking boots to get himself promoted. Actually he has no real ability or knowledge at all.,他是一个依靠诽谤他人和拍马屁来升职的小人。实际上，他根本没有真正的能力或知识。
Tomorrow we will have a spring outing to Chengde. Lao Wang went to step on the spot yesterday.,明天我们将去承德春游。老王昨天去踩点了。
"I’m one who is not easily trodden upon by anyone.', 'She wants to put down others so as to build up herself.","Here is the translation of the provided text into Chinese:

“我不是一个容易被人践踏的人。” “她想贬低别人，以此来提升自己。”"
"You are so stupid. You can’t do such an easy thing. What else can you do?', 'You are a complete ignoramus. You haven’t ever seen a mobile phone before.",你真笨。你连这么简单的事情都做不好。你还能做什么？你真是个完全的无知者。你之前从来没有见过手机。
I totally failed this time.,我这次完全失败了。
She looks famished.,她看起来饿极了。
She teases her husband by calling him a“cripple” .,她用“瘸子”来调侃她的丈夫。
Don’t be angry with him. He is a rough fellow.,不要生他的气。他是个粗鲁的人。
"Damn you. I waited for you an hour, but you didn’t show up.",该死的。我等了你一个小时，但你没有出现。
She scolded her son for not paying the bus fare.,她责骂了她的儿子，因为他没有支付公交车费。
Two men are fighting in front of the building.,两个男人在大楼前打架。
She left the publishing house and worked as a tourist guide several years ago. She has made a fortune in recent years and earned a lot only from tips.,她几年前离开了出版社，开始做旅游导游。近年来她赚了很多钱，仅靠小费就赚了不少。
I dislike to see him. He is too much of a handful.,我不喜欢见到他。他太难对付了。
The smugglers were so unbridled that they fought furiously with the police.,走私者如此肆无忌惮，以至于与警方激烈搏斗。
A gossip monger can make a small thing into a big event.,八卦传播者可以把小事变成大事件。
"He was unlucky to day. He met some profit reaping guys, who took away all his fish from the pond.",他今天运气不好。他遇到了一些获利的人，他们把池塘里的所有鱼都拿走了。
leather jackets are fashionable this year.,皮夹克在今年很时尚。
He is busy all day buying and reselling foreign currency.,他整天忙于买卖外币。
At the very beginning the built up his family fortune by reselling stocks.,一开始，他通过转售股票积累了家族财富。
You’ll be fired if you come to work late again next time.,如果你下次再迟到，就会被解雇。
"Ms. Zhang got her driver’s license in the morning, and went directly to the car lot to buy a car in the afternoon.",张女士上午拿到了驾照，下午直接去汽车市场买车。
I can help you buy a German car through a second-hand dealer if you want.,我可以帮助你通过二手车商购买一辆德国车，如果你想的话。
I think he’s talking nonsense. Actually he is aware of the facts better than anyone else.,我觉得他在胡说八道。实际上，他对事实的了解比任何人都要清楚。
This will make it even.,这将使它变得平衡。
The family is supported by only my father.,这个家庭只有我父亲在支持。
How heavy is the sliding weight in the steelyard?,滑秤上的滑动重物有多重？
a stupid look,愚蠢的表情
"You should be very careful in the warehouse. If a fire starts, you will be in serious trouble.",你在仓库里应该非常小心。如果发生火灾，你会陷入严重的麻烦。
I haven’t seen him so rude to me. Has he taken the wrong medicine today?,我从没见过他对我这么无礼。他今天是不是吃错药了？
She is often cheated when she buys things in the street because she is too faint-hearted and feels ashamed of bargaining.,她在街上买东西时常常被欺骗，因为她太胆小了，觉得讨价还价很羞愧。
We are equal here. No one will receive a particular treatment.,我们在这里是平等的。没有人会受到特殊对待。
Go ahead and have supper yourself. I’ve been invited to a dinner tonight.,请你自己去吃晚饭。我今晚被邀请参加一个晚宴。
Some good looking guys prefer to live off women these days.,一些长得不错的男人现在更喜欢依赖女性生活。
"Now computers find favor with customers.', 'People who speak English are well-liked everywhere in China.",现在电脑受到顾客的青睐。说英语的人在中国各地都很受欢迎。
"Her father is a teacher, 'so he often teachers her alone', making her do many exercises.', 'He prefers to be taught alone than to go to a lecture.",她的父亲是一名教师，所以他经常单独教她，让她做很多练习。他更喜欢单独学习，而不是去听讲座。
You shouldn’t show off about something you can’t do.,你不应该炫耀你做不到的事情。
My three-year-old daughter insisted on pulling out the card herself.,我三岁的女儿坚持要自己拔出卡片。
He lost all his money at the card table.,他在牌桌上输光了所有的钱。
Whose handwriting is this? It’s really bad.,这是谁的字？真难看。
How stupid! You can’t even play the simplest game.,多么愚蠢！你连最简单的游戏都玩不好。
She likes to make herself up in front of the mirror.,她喜欢在镜子前化妆。
She is well know in our class for being the fussiest about her appearance.,她在我们班里以对自己外貌的挑剔而闻名。
"At the start of the race, 'he shot the gun three times', but it wouldn’t go off because of the dumb fire.",在比赛开始时，“他开了三枪”，但由于哑火，枪却没有响。
Most people hope to have achieved something by the time they reach forty.,大多数人希望在四十岁时能够有所成就。
He is quite odd. He often does things out of the ordinary.,他很奇怪。他经常做一些不寻常的事情。
Xiao Li has just graduated from a police school. This is his first time he has made his rounds after becoming a policeman.,小李刚刚从警校毕业。这是他成为警察后第一次巡逻。
Two players from the Red Team were eliminated in the preliminary contest this afternoon. The other three have entered the semi-finals.,今天下午，红队的两名选手在预赛中被淘汰。其他三名选手已晋级半决赛。
He didn’t open his stand yesterday because of the heavy rain.,他昨天没有开摊，因为下了大雨。
He’s a new hand at this. He doesn’t know how to handle the situation.,他在这方面是个新手。他不知道如何处理这种情况。
The pop star was very moved when he recalled his first experience playing a role in a TV series.,这位流行歌星在回忆起他第一次在电视剧中扮演角色的经历时，非常感动。
I very nearly let the cat out of the bad. I didn’t know he hadn’t told his wife about his bicycle being lost.,我差点泄露了秘密。我不知道他还没有告诉他的妻子他的自行车丢了。
I’m not afraid of her making my life difficult.,我不怕她让我的生活变得困难。
He tried to cover up the facts by telling lies. But his screen was torn off at last.,他试图通过撒谎来掩盖事实，但最终他的伪装被揭穿了。
I think this matter will fall through sooner or later if they don’t give us a hand.,我认为如果他们不伸出援手，这件事迟早会失败。
Would you please help me erect the bamboo pole?,请你帮我竖起竹竿吗？
Yesterday my boss gave me a good talking-to. He said that I shouldn’t have sold these goods at a cheaper price without authorization.,昨天我的老板对我进行了严厉的训斥。他说我不应该未经授权就以更低的价格出售这些商品。
The machine is really pool. It breaks down easily.,这台机器真的很糟糕。它很容易坏。
My wife is a jealous woman. She always keeps a close eye on me.,我妻子是个嫉妒的女人。她总是密切关注我。
"An appendectomy costed1, '000yuan two years ago', 'but the price was hiked up to 5', 000yuan early this year.","阑尾切除手术两年前的费用是1,000元，但今年年初价格上涨到了5,000元。"
This is the first time for her to play the role of a girl from the country in a film.,这是她第一次在电影中饰演一个来自乡村的女孩。
Let’s eat out somewhere.,我们去外面吃点东西吧。
She likes to buy second quality vegetables in the market to save money.,她喜欢在市场上买二等蔬菜来省钱。
He’s playing mahjong at home.,他在家里打麻将。
That short man is his father.,那个矮个子是他的父亲。
I’ll collaborate with him to write a novel.,我会和他合作写一本小说。
Lao Wang divorced his wife just last month. But this month he will marry his new girlfriend.,老王上个月刚和妻子离婚。但这个月他将和新女友结婚。
I came here by taxi because of the rain.,我因为下雨而打车来了这里。
There are lots of female workers from other parts of the country here.,这里有很多来自全国各地的女性工人。
I am not joking . I’m serious.,我不是在开玩笑。我是认真的。
He played ducks and drakes with all his money on that business deal.,他在那笔生意上把所有的钱都打水漂了。
Young people are always moving around looking for a better job.,年轻人总是在四处奔波寻找更好的工作。
Hold on! We can’t discuss this any longer.,等一下！我们不能再讨论这个了。
"You don’t know him. He is really big clove of garlic, and always likes to talk in the tones of a boss.",你不认识他。他真的是一颗很大的大蒜，总是喜欢用老板的语气说话。
"The scene of contest was extremely hot. The athletes competed fiercely. There was also a competition between journalists, trying to be the first to send the latest news of the results of the competition.",比赛现场异常炎热。运动员们激烈竞争。记者们之间也展开了竞争，争先恐后地想要第一时间发送比赛结果的最新消息。
She bought an overcoat from that shop when it had its grand sale at the end of the year.,她在年底大促销时从那家店买了一件外套。
You’re over thirty. How come you don’t worry? Do you really want to be a big crane?,你已经三十多岁了。你怎么不担心呢？你真的想成为一只大鹤吗？
I suffered a great loss today.,我今天遭受了巨大的损失。
D1:He takes cellular  phone around with him so he can get in touch with his boss at any time.,他随身携带手机，以便随时与他的老板联系。
She has become one of the most famous singers in the country.,她已成为该国最著名的歌手之一。
His girlfriend won’t marry him until he’s bought the four items.,他的女朋友在他买了那四样东西之前不会嫁给他。
His opponent is tall and hefty.,他的对手又高又壮。
"This week is the“big weekend”, so a lot of people will go to the Fragrant Hills on Saturday. I don’t want to go because there will be too many people.",这周是“长周末”，所以很多人会在星期六去香山。我不想去，因为人太多了。
The store at the corner of the street mainly sells cheap goods.,街角的商店主要出售便宜的商品。
The outlook of the school is agreeable.,学校的外观令人愉悦。
My wife wears the trousers at my home.,我家里是我妻子说了算。
We had dinner at the food stalls last night.,我们昨晚在小吃摊吃了晚餐。
Don’t take a deep breath. Please tell me immediately what happened there.,不要深呼吸。请立即告诉我那里发生了什么。
"Now many celebrities in China have their own houses, cars and companies.",现在许多中国名人都有自己的房子、汽车和公司。
"He passed him off as a sorcerer, and went about cheating people.",他把他当作一个巫师，四处欺骗别人。
He was happy to see that his wife had given birth to a baby boy.,他很高兴看到他的妻子生下了一个男婴。
She goes to work by bicycle everyday.,她每天骑自行车上班。
Do you have any one-yuan notes? Can you give me some?,你有一元的纸币吗？可以给我一些吗？
"They say there’s a girl in your class who’s a real idiot. But she’s also a literature fanatic, and often publishes articles on the Internet.",他们说你班上有个女孩真是个傻瓜。但她也是个文学狂热者，经常在网上发表文章。
billiards room.,台球室
Don’t get in my way.,别妨碍我。
Would you please wind the thread for me?,请你帮我把线缠起来吗？
She gets dolled up every morning.,她每天早上都打扮得漂漂亮亮的。
Speculation in foreign currency is forbidden by law.,外汇投机是法律禁止的。
He decided to quit his job to become a speculator.,他决定辞掉工作去成为一名投机者。
Speculators form other parts of the country come to Beijing to make cash.,来自全国其他地区的投机者来到北京赚钱。
Xiao Zhang is from another part of the country and works alone in Beijing. He hopes to have a Beijing girlfriend. He doesn’t care if he goes to live with his girlfriend in her parents’ home after marriage.,小张来自国家的另一部分，独自在北京工作。他希望能有一个北京女朋友。他不在乎结婚后是否和女朋友一起住在她父母家。
"The boy got up, clad in his shoes and ran out of the room.",男孩穿着鞋子起床，跑出了房间。
He is really like retarded child! He doesn’t even know how to wash his clothes!,他真像个智障孩子！他连怎么洗衣服都不知道！
Most his friends are taxi drivers.,他的大多数朋友都是出租车司机。
You’d better take a taxi to the airport early tomorrow. Don’t forget to ask for a receipt from the taxi driver so that I can submit an expense account for you.,你最好明天早点打车去机场。别忘了向出租车司机索要收据，这样我可以为你提交报销单。
Because of the good food and low prices many male taxi divers go there for meals every day.,由于美味的食物和低廉的价格，许多男性出租车司机每天都去那里用餐。
He has worked as a rubbish scooper for thirty years.,他已经做了三十年的垃圾清理工。
Guess how much this book weighs.,猜猜这本书有多重。
"When we meet with difficulties, he runs faster than anyone.', 'Let them wait there. I’ll leave first.",当我们遇到困难时，他跑得比任何人都快。让他们在那里等着。我先走。
"There must be someone who informed against us on this case, otherwise they coldn’t have acted so quickly.",这件事一定有人向我们告发，否则他们不可能行动得这么快。
The police got this information form a squealer.,警方是通过一个告密者获得这个信息的。
He will take a scapegoat with him even if he is going to die.,他即使要死也会带上替罪羊。
I know you are all better than me in mathematics. I’m afraid that I’m the worst.,我知道你们在数学方面都比我强。我担心我可能是最差的。
The power tigers in our area very fearsome. They will cut your electricity off if you don’t bribe them.,我们地区的电力公司非常可怕。如果你不贿赂他们，他们会切断你的电力供应。
"As soon as the news of this chain store hiring married saleswomen spread, over 300 laid off women rushed here to apply for the job.",一旦这个连锁店招聘已婚女销售员的消息传出，超过300名被裁员的女性迅速赶来申请这份工作。
"Usually he has good marks, but he always goes wrong in examinations. Perhaps this is caused by a flaw in his psychological make-up.",通常他的成绩很好，但他在考试中总是出错。也许这与他的心理构成有缺陷有关。
At present people are all good at calculating their own worth. As soon as they are told to work more they will ask you for money.,目前，人们都擅长计算自己的价值。一旦被要求多工作，他们就会向你索要报酬。
Don’t embarrass me by wearing this shabby clothes to a dinner party.,不要穿这身破旧的衣服去晚宴，让我感到尴尬。
"I can bear such pain.', 'They can stand up to any difficulties.","The translation of the provided text to Chinese is:

""我能忍受这样的痛苦。"" ""他们能面对任何困难。"""
My computer is broken. Can’t you find me an expert to see what’s wrong with it?,我的电脑坏了。你能不能帮我找个专家看看它有什么问题？
Don’t show off outside any more in such a cold day. Come back home and have a rest quickly.,不要在这么冷的天气里再外面炫耀了。快回家休息吧。
She is happy to see her small piece in a newspaper.,她很高兴在报纸上看到她的小作品。
"Whenever she has nothing to do, she picks a fight with her husband.",每当她无事可做时，就会和丈夫吵架。
My daughter is not selfish. She enjoys sharing her goodies with other kids.,我的女儿并不自私。她喜欢与其他孩子分享她的好东西。
As a result of the“cultural revolution” there has been a severe shortage of researchers in our research institutions. All our researches are either too old or too young. We have simply lost a generation of middle-aged researchers.,由于“文化大革命”，我们的研究机构出现了严重的研究人员短缺。我们所有的研究人员要么年纪太大，要么年纪太小。我们已经失去了一代中年研究人员。
All the shoes which don’t have a full range of sizes in this shop are sold at half price.,在这家店里，所有没有全尺码的鞋子都以半价出售。
Xiao Han will get married this weekend. Let’s choose a pair of watches for them as a wedding present.,小韩这个周末要结婚了。我们来为他们挑选一对手表作为结婚礼物吧。
It’s fashionable for young people to wear matching shirts this summer,今年夏天，年轻人穿着配套衬衫很时尚。
Every morning he has a bowel movement at this time.,他每天早上这个时候都会排便。
He was sent to stake out the house and keep an eye on the criminal’s activities.,他被派去监视那所房子，留意犯罪分子的活动。
"He’s vulnerable to talk, so he often changes his mind.",他容易受到影响，所以他经常改变主意。
He came back from the United States because he doesn’t like to be a second-class citizen there.,他从美国回来，因为他不喜欢在那里做二等公民。
He never retreats when he is in trouble.,他在遇到困难时从不退缩。
"Three months after he was set free, he was jailed again for robbery.",他被释放三个月后，又因抢劫被监禁。
She sold her 21-inch remote control color television and bought a bigger one.,她卖掉了她的21英寸遥控彩色电视，买了一台更大的。
You’ve swelled out again since I saw you a year ago.,你自从我一年前见到你以来又胖了。
I was terrified when I heard the shriek at night.,我在晚上听到尖叫声时感到非常害怕。
I got into a muddle when he asked me the question.,我在他问我这个问题时搞得一团糟。
He knows a lot about the prices of the latest and most hi-tech sound systems.,他对最新和最先进的音响系统的价格了解很多。
This novel jumped to be a best seller because it was plugged damming.,这部小说迅速成为畅销书，因为它得到了强力宣传。
"Well, let’s repair the bicycle by ourselves. It’s pointless to get angry with him for such a small problem.",好的，我们自己来修自行车吧。因为这样的小问题而生他的气是没有意义的。
"Stand still here as I ordered. Don’t do anything else.', 'He always acts differently in front of me and doesn’t listen to what I say.",站在这里，听我命令。不要做其他任何事情。 他在我面前总是表现得不一样，不听我说的话。
"I have been invited to a dinner this evening, so I will come back a bit late.",我今晚被邀请参加一个晚宴，所以我会晚一点回来。
The new style of high-and broad-heeled shoes has come into fashion this year.,今年，高跟宽底鞋的新款式已经流行起来。
He spent ten thousand yuan all for one set of sofa.,他花了一万元只为了一个沙发套装。
Feilong’s eyes can express strong passion. No vonder all the grils who have ever met him tend to be attracted by him.,飞龙的眼睛能表达强烈的激情。难怪所有见过他的女孩都倾向于被他吸引。
"How dare he stand me up yesterday! He made me wait for an hour in the cold, and he never showed up.",他居然敢昨天放我鸽子！他让我在寒冷中等了一个小时，却从来没有出现。
"All taxi drivers are afraid of driving back without passengers. Since there are few people living there, no taxi driver likes to take customers there.",所有出租车司机都害怕没有乘客回程。由于那里居住的人很少，没有出租车司机愿意带顾客去那里。
The thief returned all the stolen goods and begged the young policeman to let him off.,小偷归还了所有被盗的物品，并恳求年轻的警察放他一马。
"That fellow, 'although re-educated in jail for three years', still has a hooliganish look.",那个家伙“虽然在监狱里接受了三年的再教育”，但看起来仍然很流氓。
"As the“Super girl” contest became white-hot, numerous fans became more and more excited.",随着“超级女声”比赛的火热进行，众多粉丝变得越来越兴奋。
"After he won the boxing championship, he really became a man of the hour for a period.",在他赢得拳击冠军后，他确实在一段时间内成为了众人瞩目的焦点。
It’s your stroke of luck to have such a good wife.,你真是幸运，能有这么好的妻子。
"Nowadays, 'there are quite a few rich women among the bachelors. They have their own apartments', 'cars', and a highly paid job.",如今，“在单身男性中，有不少富有的女性。她们拥有自己的公寓”、“汽车”和高薪工作。”
You’re getting chubbier and chubbier.,你变得越来越胖了。
This fellow is a queer specimen.,这个家伙是个奇怪的样本。
"I heard you got a promotion recently, so you certainly should treat me to this meal.",我听说你最近升职了，所以你当然应该请我吃这顿饭。
Now most beggars in railway stations came from different beggar groups.,现在大多数在火车站乞讨的乞丐来自不同的乞讨团体。
The Chinese women volleyball team is the best.,中国女子排球队是最棒的。
This time my father brought back many expensive things from Japan. Come over a look if you have time.,这次我父亲从日本带回了很多贵重的东西。如果你有时间过来看看吧。
"He is scared stiff to hear that he will take an examination tomorrow.', 'He trembles with fear at the thought of being asked to give a speech.",他听说明天要考试，吓得僵住了。想到要被要求演讲，他害怕得发抖。
We can be in time for the train if we leave right now for the railway station.,如果我们现在就去火车站，我们可以及时赶上火车。
I haven’t seen you for two years. You’re even more fashionable than before.,我已经两年没见你了。你比以前更时尚了。
He invited his Hong Kong friends for a meal.,他邀请了他的香港朋友们一起吃饭。
"I’ve just met a boy from Hong Kong, who taught me a little Cantoness.",我刚刚遇到一个来自香港的男孩，他教了我一点粤语。
You really have a one-track mind. Why don’t you do this first and that later?,你真是心思单一。为什么不先做这个，再做那个呢？
Street vendors usually charge the rich exorbitant prices.,街头小贩通常向富人收取高额费用。
The general manager is not in today so this plan can’t be settled. We have to wait till tomorrow.,总经理今天不在，所以这个计划无法敲定。我们得等到明天。
This new film is full of amusing scenes that itt has attracted many viewers and its box-office value has leaped to first place.,这部新电影充满了有趣的场景，因此吸引了许多观众，票房价值跃升至第一位。
He is very peculiar. He never lets others touch his books or borrow them.,他非常特别。他从不让别人碰他的书或借他的书。
"My husband is quite eccentric, others find him hard to work with.",我的丈夫非常古怪，其他人觉得和他一起工作很困难。
She sings so bad. Let’s boo her.,她唱得太糟糕了。我们来给她喝倒彩吧。
"Since the Harry Potter series were published and became a global success, many publishers have followed the trend and published books about magic stories.",自《哈利·波特》系列出版并取得全球成功以来，许多出版社纷纷跟随这一趋势，出版关于魔法故事的书籍。
I know I can’t compare with him because he has strong support(connections).,我知道我无法与他相比，因为他有强大的支持（人脉）。
He is too blunt to work with other people.,他太直率了，无法与其他人合作。
He doesn’t want to solve the problem in the proper way because the police will take away his driving license.,他不想以正确的方式解决这个问题，因为警察会吊销他的驾驶执照。
I don’t think people like to hear you sing since you’ve got a raucous voice.,我觉得人们不太喜欢听你唱歌，因为你的声音很粗哑。
The house you decorated is up to hotel standards.,你装饰的房子达到了酒店标准。
He likes to tinker with the television.,他喜欢摆弄电视。
She’s got light bones and likes to flirt with men.,她的骨架轻盈，喜欢和男人调情。
You should be very careful because you have already established a criminal record with the police.,你应该非常小心，因为你已经在警方那里建立了犯罪记录。
"Zhang Yimou, director of the film“Red Sorghum” is known for his extraordinary artistic talent in Chinese film circles.",张艺谋，电影《红高粱》的导演，以其在中国电影界卓越的艺术才华而闻名。
It would look the best if you wore this belt.,如果你戴上这条腰带，效果会最好。
"This silk is really smooth.', 'Be careful when you walk on the marble floor. It’s very slippery.",这丝绸真的很光滑。走在大理石地板上要小心，它非常滑。
This boy is very smart. He always exploits our loopholes.,这个男孩很聪明。他总是利用我们的漏洞。
Don’t you know that foreigners like Chinese food? That’s why business in Chinese restaurants is always so prosperous.,你不知道外国人喜欢中国菜吗？这就是为什么中餐馆的生意总是如此兴隆。
He likes to smoke imported cigarettes and drink whiskey.,他喜欢抽进口香烟和喝威士忌。
"Most international traders come to buy clothes in Xiushui Street, which has resulted in a great boom for business.",大多数国际贸易商来到秀水街购买衣服，这为商业带来了巨大的繁荣。
I think you overdid your part in the play.,我觉得你在剧中的表演有些过火了。
"Do you know, most of the people who participated in this Young Singers’ Contest are young people who love Korean pop songs?",你知道吗，参加这个年轻歌手比赛的大多数人都是热爱韩国流行歌曲的年轻人吗？
He was the children’s leader when he was young.,他年轻时是孩子们的领袖。
big talk,大话
"Hospitals know exactly who these registration-ticket scalpers are, but they’re unable to drive them out of the hospitals because they don’t have the legal right to do so.",医院确切知道这些挂号票倒卖者是谁，但由于没有法律权利，他们无法将其驱逐出医院。
I usually eat boxed meals on the train when I go on business or trips.,我通常在出差或旅行时在火车上吃盒饭。
I don’t know in which corner the cat is hiding.,我不知道猫藏在哪个角落。
"Every time when he visits me, 'I know there must be something urgent', otherwise he wouldn’t come himself.",每次他来拜访我时，我就知道一定有紧急的事情，否则他不会亲自来。
"She came to me in an extreme hurry and asked whether I saw her keys.', 'He looked hyperanxious, as if someone had taken away all his money.",她急匆匆地来到我面前，问我是否看见她的钥匙。 他看起来非常焦虑，仿佛有人把他所有的钱都拿走了。
He left the Shangdong basketball team and joined the Beijing team.,他离开了山东篮球队，加入了北京队。
I’ll buy a family-size box of ice-cream.,我会买一盒家庭装冰淇淋。
All of you go back and do what you should do. Don’t stand here and make troubles.,你们都回去做你们该做的事。不要在这里捣乱。
Everyone likes to take advantage of the weak.,每个人都喜欢利用弱者。
I’ll never have any dealings with him. He likes to use lame arguments.,我绝不会和他有任何往来。他喜欢使用无力的论据。
Most people prefer to save their money rather than buy stocks.,大多数人更喜欢存钱而不是购买股票。
How dare you challenge him! He has just graduated from martial arts school.,你怎么敢挑战他！他刚从武术学校毕业。
"Some of the audience didn’t like the singer, so whistled and hooted endlessly in the theater.",一些观众不喜欢这位歌手，因此在剧院里不停地吹口哨和嘲笑。
She likes to argue with people.,她喜欢和人争论。
No one expected that this movie would be such a great box-office success.,没有人会想到这部电影会如此成功地票房大卖。
Your sisters(female friends)are missing you a lot. They have decided to come and see you tomorrow.,你的姐妹（女性朋友）非常想念你。她们决定明天来见你。
She aspires to be a policewoman like her elder sister.,她渴望像她的姐姐一样成为一名警察。
"There wasn’t much business today, so he packed up the stall early and left for home.",今天生意不太好，所以他早早收摊，回家了。
Lao Zhao said jokingly to his wife that he could never make his dream of having a son come true because he had married a woman of beauty who will not produce a male heir.,老赵开玩笑地对妻子说，他永远无法实现有一个儿子的梦想，因为他娶了一个美丽的女人，她不会生下男性继承人。
He is as stubborn as a bullheaded mule.,他像头牛脾气的骡子一样固执。
She is regarded as a model soldier’s wife.,她被视为模范军人的妻子。
They swept the house and scraped all the letters off the wall.,他们打扫了房子，把墙上的所有字母都刮掉了。
She often goes shopping with her father and takes advantage of his money.,她经常和她父亲一起购物，并利用他的钱。
We’ll start working as soon as the materials arrive.,我们将在材料到达后立即开始工作。
We’ll have an important meeting this afternoon. Who dares to sneak off?,我们今天下午有一个重要会议。谁敢偷偷溜走？
"He knows his friends very well, so he never gets angry when they make fun of him.",他非常了解他的朋友们，所以当他们取笑他时，他从不生气。
Most Chinese people like foreign food. That’s why American fast food is booming in China.,大多数中国人喜欢外国食物。这就是为什么美国快餐在中国蓬勃发展的原因。
His parents asked her to keep an eye on the fruits they just bought and then went shopping for clothes.,他的父母让她照看他们刚买的水果，然后去购物买衣服。
He does nothing but sit around and chat.,他除了坐着聊天什么都不做。
You have to learn how to bargain in the free market or you’ll be ripped off.,你必须学会在自由市场中讨价还价，否则你会被宰。
My friend is a real chatterbox. You won’t get bored working with him.,我的朋友是个真正的健谈者。和他一起工作，你不会感到无聊。
He is one of the biggest talkers in the building.,他是大楼里最爱说话的人之一。
Don’t kiss me now. I don’t like other people to see our private life.,不要现在亲我。我不喜欢让其他人看到我们的私生活。
Several days ago he didn’t expect that the value of this stamp would rise.,几天前，他没想到这枚邮票的价值会上涨。
I had a bowl of“Chef Kang” instant noodles for my breakfast.,我早餐吃了一碗“康师傅”方便面。
I have to stand it no matter how hard the work is.,我必须忍受，无论工作多么艰难。
He only gave me a pager number and told me to call him when I needed to find him.,他只给了我一个传呼机号码，并告诉我需要找他时打电话给他。
The street vendor makes at least three hundred yuan a day.,街头小贩每天至少赚三百元。
Did you make this dumpling? It’s so ugly.,你是自己做的这个饺子吗？太丑了。
You shouldn’t make Xiao Wang out to be completely lacking in redeeming qualities. He’s got his good points.,你不应该把小王说得完全没有可救赎的优点。他还是有一些优点的。
Actually you didn’t do it right. How come you wouldn’t let them scold you.,实际上你没有做对。你怎么会不让他们骂你呢？
"The college entrance exams are around the corner, but he became sick at the critical moment.",高考即将来临，但他在关键时刻生病了。
Every time you fly you can enjoy the warmth and good services given by the married stewardesses of CAAC.,每次飞行时，您都可以享受到中国民航总局的已婚空姐们提供的温暖和优质服务。
Be careful when you take a public bus for you might be the target of those petty thieves.,乘坐公共汽车时要小心，因为你可能会成为那些小偷的目标。
"I heard that we will have a salary rise this October. It won’t be an empty promise again this time, will it?",我听说我们在十月份会涨工资。这次不会又是空头承诺吧？
Furniture was listed as a controlled commodity for office use several years ago.,几年前，家具被列为办公使用的受控商品。
This brand of television has been sold here for several years and had a good reputation. It has a good market in this city.,这款电视在这里销售了几年，口碑很好。在这个城市有良好的市场。
A--Do you still remember the most popular expression used in China in the 1970s?\\nB--Of course I do.“In Chairman Mao’s name.” how could I ever forget it!,A--你还记得1970年代在中国最流行的表达吗？\\nB--当然记得。“以毛主席的名义。”我怎么可能忘记呢！
She bought some lumps of sugar for her child.,她为她的孩子买了一些糖块。
He started growing flowers five years ago. Now he’s considered a rich man in the small town.,他五年前开始种花。现在他被认为是这个小镇上的富人。
"She is a rich woman now. Every time she goes out, she takes a taxi.",她现在是个富有的女人。每次出门，她都打出租车。
"He is very arrogant, but quite useless.",他非常傲慢，但毫无用处。
"I’ll return this book after I finish it. If you don’t believer me, we’ll pull fingers on it.",我看完这本书后会把它还回来。如果你不相信我，我们可以打个勾。
Be careful dealing with her. She is know as a vixen.,小心和她打交道。她被称为狐狸精。
The factory will close down if it runs out of business.,如果工厂失去业务，它将关闭。
They got pumped up the minute they heard about the competition with the other team.,他们一听到与其他队伍的比赛就兴奋不已。
You are smart.,你很聪明。
Your working conditions are not bad.,你的工作条件不错。
The old like to wear lazy man’s shoes because they are soft and comfortable and easy to put on and take off.,老人喜欢穿懒人鞋，因为它们柔软舒适，穿脱方便。
He always takes something back whenever he goes home.,他每次回家时总会带回一些东西。
She is one of the top ten model workers in the country.,她是全国十大模范工作者之一。
"Don’t bother me, you old fogy.",别打扰我，老古董。
Where’s the old fart gone ? It’s getting dark.,老家伙去哪儿了？天快黑了。
He wants to see your head and has something important to discuss.,他想见你，并且有重要的事情要讨论。
He is very shrewd and sophisticated. You are no match for him.,他非常精明和老练。你不是他的对手。
I’m a layman in the trade.,我在这个行业是个外行。
Her hubby is a driver.,她的丈夫是一名司机。
You’d better tell your parents  about your plan to go abroad to study just in case they are worried about you because they thought you couldn’t find a job.,你最好告诉你的父母你出国留学的计划，以防他们担心你，因为他们认为你找不到工作。
You’re such a hick- you don’t even know what a pager is.,你真是个乡巴佬——你连传呼机是什么都不知道。
She thinks she’s so old and ugly that noting will look good on her.,她觉得自己又老又丑，什么都不适合她。
My husband is a typical slowpoke. He does things so slowly that anyone watching feels exasperated.,我的丈夫是个典型的慢性子。他做事情的速度慢得让任何旁观的人都感到恼火。
"Two years ago there were many mouse associations all over the country. I heard of them, but didn’t join in.",两年前，全国各地有很多老鼠协会。我听说过它们，但没有加入。
She married a foreigner and went abroad.,她嫁给了一个外国人，去了国外。
"You can come today because my father’s not at home.', 'You have to speak louder to the old man. His hearing is bad.",你今天可以来，因为我父亲不在家。你需要对老人说话大声一点。他的听力不好。
Her dad is a high-ranking official.,她的爸爸是一位高级官员。
We haven’t seen each other for years. Let’s have a good gab tonight.,我们已经好几年没见面了。今晚好好聊聊吧。
How could you feel at ease making the little child do such heavy work?,你怎么能安心让小孩子做这么重的活呢？
The thief was tailed by a cop.,小偷被一名警察跟踪。
Why are you standing here staring blankly?,你为什么站在这里发呆？
There are seven days in a week.,一周有七天。
I will go at once if it is urgent.,如果很紧急，我会立刻去。
She talked with her friends and ignored me.,她和她的朋友们聊天，忽视了我。
The return of Macao to her motherland was no doubt one of last year’s attention attracting events.,澳门回归祖国无疑是去年最引人注目的事件之一。
He is the most popular good looking man in the movie and television circles.,他是影视圈中最受欢迎的帅哥。
I’ll take a beach vacation after the task is over .,我会在任务结束后去度假海滩。
A head hunting agency is a service company which engages in head hunting and recommending required talents to its agents .,猎头机构是一家服务公司，专门从事猎头工作，并向其代理推荐所需的人才。
Who can help me throw these odds and ends out of the room ?,谁能帮我把这些杂物扔出房间？
He is trying a completely new way of writing and doesn’t care whether others will consider his work special or not .,他正在尝试一种全新的写作方式，并不在乎别人是否会认为他的作品特别。
She speaks English very fluently .,她说英语非常流利。
My hands are dirty .Could you help me push up my sleeves ?,我的手很脏。你能帮我把袖子挽起来吗？
He slapped the guy’s face hard .,他用力扇了那个家伙一巴掌。
He walloped that guy in the face .,他狠狠地打了那个家伙的脸。
Loneliness is the greatest enemy of widows widowers .,孤独是寡妇和寡夫最大的敌人。
"pile up the books in the corner.', 'She helped me put the clothes in order according to size.",将书堆放在角落里。她帮我把衣服按大小整理好。
Xiao Li became a housewife after she got married.,小丽结婚后成为了一名家庭主妇。
"Although he’s very arrogant now, he looks weak and incompetent as soon as he sees cop.",虽然他现在非常傲慢，但一看到警察，他就显得软弱无能。
He plans to take his girlfriend to see a movie tonight.,他计划今晚带女朋友去看电影。
"If you get to the heart of the matter, you’ll solve the problem easily.",如果你抓住问题的核心，你就能轻松解决这个问题。
Customers pay more attention to the packaging of goods than to the goods themselves.,顾客对商品的包装比对商品本身更为关注。
He is quite a capable man.,他是个相当能干的人。
Believe me. I’ll have your teeth knocked off next time if you come to trouble me.,相信我。如果你下次再来惹我，我会让你牙齿掉光的。
"You have a joyful book, not like me with my weather-worn face. No doubt girls all like to talk with you.",你有一本快乐的书，不像我有着风霜满面的脸。毫无疑问，女孩们都喜欢和你聊天。
"She was a very pretty girl thirty years ago, but now her face is full of wrinkles.",她三十年前是个非常漂亮的女孩，但现在她的脸上布满了皱纹。
She has been busy for three days on account of her wedding.,她因为婚礼忙了三天。
"Why on earth are you hiding there?', 'He stole some money and went underground.","Here is the translation of your text into Chinese:

“你到底为什么躲在那里？” “他偷了一些钱，逃到地下去了。”"
He can see everything clearly through the peephole on the door without having to open it.,他可以通过门上的窥视孔清楚地看到一切，而不必打开门。
Since last month the price of the Beijing Evening Daily has risen from four mao(forty fen)to five mao(fifty fen).,自上个月以来，《北京晚报》的价格从四毛（四十分）上涨到五毛（五十分）。
He is well off. It doesn’t matter at all if we put the price up a little bit.,他很富有。如果我们稍微提高一点价格，完全没关系。
In the stamp market one commemorative stamp of Mao Zedong can be sold at one thousand yuan RMB.,在邮票市场上，一枚毛泽东的纪念邮票可以卖到一千元人民币。
"He’s always an obedient husband, and never loses his temper.",他总是一个听话的丈夫，从不发脾气。
I haven’t had a deal for three days because of the rain.,我已经三天没有成交了，因为下雨。
You’re really a bumpkin. How could you wear this suit without removing the label from the sleeves. There is no doubt that people would have laughed at you.,你真是个乡巴佬。你怎么能穿着这套西装而不把袖子上的标签摘掉呢？毫无疑问，人们会嘲笑你的。
"I was injured by a dog so whenever I see one, I’ll turn a hostile look on it.', 'I always speak impolitely to him because I don’t like him.",我曾被一只狗咬过，所以每当我看到狗时，我就会用敌意的目光盯着它。我总是对他说话不礼貌，因为我不喜欢他。
Don’t depend on me. I have no ideas how to get more tickets.,不要依赖我。我不知道怎么才能获得更多的票。
"You have to wait longer because the matter has not been settled yet.', 'You have to wait longer because the matter has not been settled yet.",你需要等更久，因为这个问题还没有解决。
He is good-for-nothing,他一无是处。
"You needn’t go to see him. No matter what he decides, 'right or wrong', he won’t change his mind.",你不需要去见他。无论他决定什么，‘对或错’，他都不会改变主意。
There’s no way for you to get promoted. You’re not the person they want.,你没有办法得到晋升。他们不想要你。
She always gets anxious when she doesn’t receive a letter from her son.,她总是在没有收到儿子的信时感到焦虑。
I have no solution if they don’t agree to let you go.,如果他们不同意让你离开，我就没有办法。
I found a purse which nobody claimed.,我找到了一只没人认领的钱包。
Perhaps he won’t come today.,也许他今天不会来。
"Look, how delighted he is! Something good must have happened.",看，他多么高兴啊！一定发生了什么好事。
There are many pretty girls in your company. Would you introduce one to me someday?,你们公司有很多漂亮的女孩。你能在某天介绍一个给我吗？
China is known as a country of delicious fare with a rich cuisine.,中国被誉为美食之国，拥有丰富的烹饪文化。
She’s just come back from the United States. She must have a lot of US dollars.,她刚从美国回来。她一定有很多美元。
You’d better have a shave and a haircut.,你最好剃个胡子，剪个头发。
He suggested that everyone down their wine.,他建议大家喝完自己的酒。
"We grew up together, so he knows me like the back of his hand.",我们一起长大，所以他对我非常了解。
"This newspaper published a lot of big, 'unexpected news when it hit the market', and attracted many readers.",这家报纸发布了很多“大新闻，‘意外地在市场上出现’”，吸引了许多读者。
Don’t bother me. I want to have a nap.,别打扰我。我想小睡一下。
He is lax about doing things.,他做事情很马虎。
Most people prefer the minivan taxis because they are cheap and practical.,大多数人更喜欢厢型车出租车，因为它们便宜且实用。
She dreams of becoming a supermodel one day.,她梦想有一天能成为超级模特。
The economic reforms are a matter of vital importance in China’s future development.,经济改革是中国未来发展的至关重要问题。
The imitation show program organized by Beijing Cable Television Station has attracted many young participants from all over the country.,由北京有线电视台组织的模仿秀节目吸引了来自全国各地的许多年轻参与者。
Have I got nothing to do so I argue with you here?,我难道没事可做，所以在这里和你争论吗？
"Don’t hesitate. If you really like it, buy it.', 'Hurry up! Don’t dawdle.",不要犹豫。如果你真的喜欢，就买下它。快点！不要磨蹭。
What’s the use of this piece of wood you brought back?,你带回来的这块木头有什么用？
He never gives himself airs in front of people and does whatever you ask for.,他从不在别人面前摆架子，愿意满足你的要求。
In the two years he acquired many profitable projects by relying on his various relations.,在这两年里，他通过依靠各种关系获得了许多有利可图的项目。
It’s odd to see the phenomenon where intellectuals are earning less than workers.,看到知识分子的收入低于工人，这种现象真是奇怪。
"The bad news made me terribly upset.', 'Turn down the disco music a little bit. It makes me feel restless.",坏消息让我非常沮丧。请把迪斯科音乐调小一点。它让我感到不安。
He has great ability though he is only a little boy.,他虽然只是个小男孩，但能力很强。
She is always quiet and seldom speaks to others.,她总是很安静，很少和别人说话。
"He looks very honest, but he does had things in secret.",他看起来很诚实，但他确实有秘密的事情。
This kind of glue is very sticky.,这种胶水非常粘。
"He speaks Cantonese whenever he calls his girlfriend, so as to keep us from understanding what he says.",他每次打电话给女朋友时都说粤语，以此来让我们听不懂他说的话。
Since he became rich he’s become very arrogant .,自从他变得富有以来，他变得非常傲慢。
I was unlucky today to meet a customer who was so hard to deal with .,我今天运气不好，遇到了一个很难应对的客户。
What could you be cocky about ?You’re got neither bags of money nor a beautiful house .,你有什么好自满的？你既没有大把的钱，也没有漂亮的房子。
"They are known as progressives of the age .', 'Large numbers of groundbreakers have emerged since the economic reform .",他们被称为时代的进步者。自经济改革以来，大量的开拓者涌现出来。
He heard loud cheers of“Oh Yeh” in the classroom as soon as he finished announcing the news of an outing the next day.,他刚宣布第二天的外出消息，教室里就响起了“哦耶”的欢呼声。
The traffic accident yesterday happened to be seen by a taxi driver who had stopped at the roadside to wait for business. He was the only witness to the accidents.,昨天的交通事故恰好被一位在路边停下等待生意的出租车司机目击。他是事故的唯一目击者。
She ate something and left in a hurry.,她吃了点东西，然后匆忙离开了。
I haven’t seem him for a few days. I guess he’s been chasing a young woman.,我已经几天没见到他了。我想他一直在追一个年轻女人。
He looks quite impressive in his new suit.,他穿上新西装看起来非常出色。
Your girlfriend is good–looking.,你的女朋友很好看。
Why is there so much water here ? There must be flooding somewhere nearby .Bet’s go and check it out right away.,这里为什么有这么多水？附近一定有洪水。我们赶快去看看吧。
"He often flirting with girls in bars after work.', 'Where has he gone? He must be flirting with girls somewhere",他下班后经常在酒吧里和女孩调情。' '他去哪儿了？他一定是在某个地方和女孩调情。
He’s poorly educated because his mouth is full of dirty words when he gets angry.,他受教育程度不高，因为他生气时满口脏话。
Don’t trust him fully when you do business with him. His company is only a briefcase company.,在与他做生意时，不要完全信任他。他的公司只是一个空壳公司。
He played the role of a little rascal in a movie.,他在一部电影中扮演了一个小调皮的角色。
"Many people can’t afford to buy a motorcycle, so they assemble bicycles with motors.",许多人买不起摩托车，所以他们组装带发动机的自行车。
lazy man’s shoes have become popular with the young.,懒人的鞋子在年轻人中变得流行。
Doughflake soup is my father’s favorite.,面团片汤是我父亲最喜欢的。
I can see a kite fluttering in the sky.,我能看到一只风筝在天空中飘动。
Some of the biggest drug dealers went to change their image and go into politics.,一些最大的毒贩为了改变形象而进入政界。
"He used to work as a person who persuades people to take a minibus in return for a cut of the fares, and later he became a tourist guide.",他曾经是一名劝说人们乘坐小巴的人员，以此获得车费的一部分，后来他成为了一名旅游导游。
He has a little fame and can do anything he wants in this region without interference.,他在这个地区有一点名气，可以随心所欲地做任何事情而不受干扰。
"This style of shirt has long since gone out of fashion, so the stall owner decided to sell it without turning a profit.",这种风格的衬衫早已过时，因此摊主决定以不盈利的方式出售它。
The child pestered his mother for buying the toy for him when his father went out.,孩子在父亲出门时缠着妈妈让她给他买玩具。
"I can’t stand to see him ill-treat his own father like that.', 'I’m furious to hear the news.",我无法忍受看到他这样虐待自己的父亲。听到这个消息我非常愤怒。
She goes to play mahjong at the senior citizens’ center everyday.,她每天去老年人活动中心打麻将。
This hairstyle is most fashionable at present. Many young people like it.,这款发型目前是最时尚的。许多年轻人都喜欢它。
Don’t force yourself to carry it if it’s too heavy for you. Be careful not to sprain your back.,不要强迫自己去搬太重的东西。小心不要扭伤你的背。
"It was my business originally, but he snatched it away from me by selling goods at much lower prices.', 'He stole his brother’s girlfriend and married her.",这本来是我的生意，但他通过以更低的价格出售商品把它抢走了。' '他抢走了他兄弟的女朋友并娶了她。
Do you want to kick the bucket? Why don’t you look around before you cross the road.,你想去死吗？为什么在过马路之前不看看周围呢？
Why did you buy this color sweater? It looks very tawdry.,你为什么买了这个颜色的毛衣？它看起来很俗气。
"Dancing is a youthful profession, so her parents won’t allow her to become a dancer.",跳舞是一种年轻的职业，所以她的父母不允许她成为舞者。
You’re really a greenhorn. How could you handle things in such a rash way. It could cause many problems for the company.,你真是个新手。你怎么能如此草率地处理事情呢？这可能会给公司带来很多问题。
"I like an all-red skirt.', 'The students in this class are all girls.",我喜欢一条全红的裙子。这个班的学生都是女孩。
"He spent the whole evening with his lover, but he told his wife that he had an important meeting.",他整个晚上都和情人在一起，但他告诉妻子他有一个重要的会议。
Get up and do some exercises. Don’t huddle up in bed all day.,起床做一些锻炼。不要整天窝在床上。
A—Don’t be angry. I was just kidding.\\nB—Damn you . I won’t talk to you any more.,"A—别生气。我只是开玩笑。  
B—该死的。我不想再和你说话了。"
"If I hired you, 'you have to do everything in the house including shopping', 'cooking', cleaning and baby sitting. But you will get paid more than other people.",如果我雇佣你，你必须做家里的所有事情，包括购物、做饭、打扫和照顾孩子。但你的薪水会比其他人高。
Her song inspired the audience. The atmosphere became more and more charged.,她的歌曲激励了观众。气氛变得越来越紧张。
"I think you must have had heatstroke, otherwise you couldn’t have made such a stupid decision.",我想你一定是中暑了，否则你不可能做出这么愚蠢的决定。
This child always runs wild and disobeys me when someone come to the house. I just don’t know how to control him.,这个孩子总是在有人来家时乱跑，不听我的话。我真的不知道该怎么管他。
She knows a lot of people; she’s very suitable for sales work.,她认识很多人；她非常适合做销售工作。
In Hong Kong many illegal immigrants work in construction for very low wages.,在香港，许多非法移民在建筑行业以非常低的工资工作。
"The common people have great hatred for those dregs of society responsible for crimes of robbery, 'theft', and rape. They want the government to crack down on them severely.",普通大众对那些犯有抢劫、盗窃和强奸等罪行的社会渣滓怀有强烈的仇恨。他们希望政府能对这些罪犯采取严厉的打击措施。
"She is so sweet that everyone like her.', 'She knows pretty well how to win favor of the audience by fawning.",她非常甜美，大家都喜欢她。她很清楚如何通过奉承来赢得观众的欢心。
This dish is overcooked.,这道菜煮得过熟了。
He knows his weakness very well and tries his best to change.,他非常清楚自己的弱点，并尽力去改变。
Taxi drivers often use the excuse of going home for meals or finishing work to refuse to pick up passengers.,出租车司机常常以回家吃饭或结束工作为借口拒绝接载乘客。
You can’t let him type this letter for you. He’s stupid and doesn’t know how to use a typewriter.,你不能让他为你打这封信。他很笨，不知道怎么使用打字机。
The woman in the evening gown looks natural and unrestrained.,穿着晚礼服的女人看起来自然且毫不拘束。
This food is far from enough for me.,这食物对我来说远远不够。
He is a rough fellow. He doesn’t car about anything.,他是个粗鲁的人。他对任何事情都不在乎。
"He is afraid of being fired by the boss, so he works very carefully and obediently like a yes-man.",他害怕被老板解雇，所以他像个迎合者一样非常小心和顺从地工作。
"The government launched a nationwide campaign to confiscate all pornographic magazines, books and video tapes on the market.",政府发起了一项全国性运动， confiscate 所有市场上的色情杂志、书籍和录像带。
"If you go to the free market to buy things, you have to learn how to bargain the price down.",如果你去自由市场买东西，你必须学会如何讨价还价。
Policemen caught a thief who made a specialty of cheating his friends.,警察抓住了一名专门欺骗朋友的小偷。
"They were stunned when they got to the bank and discovered all their money had been withdrawn by someone else.', 'He was stunned that she would go home by herself.","他们到达银行时震惊地发现他们所有的钱都被其他人取走了。', '他震惊于她竟然会自己回家。"
"The customers tried to get the shop assistant’s attention, but she deliberately ignored them and kept talking with her co-worker.",顾客们试图引起店员的注意，但她故意忽视他们，继续和同事聊天。
"It was nothing at first, but he stirred up trouble and make it into a big mess.",起初这没什么，但他惹出了麻烦，把事情搞得一团糟。
This suit of clothes is designed specially for white-collar workers.,这套衣服是专为白领工作者设计的。
"Although he works enthusiastically, his boss won’t give him a pay rise.",尽管他工作热情高涨，但他的老板却不给他加薪。
"I know that she’s jealous of me, so she went to the boss to tell tales of me.",我知道她嫉妒我，所以她去找老板对我说坏话。
It’s no trouble at all. I can do this on my way home.,这完全没问题。我可以在回家的路上做这个。
Joyo announced to the public that it would launch a brand new award for the Chinese audio and video industries. It gave a 10 million yuan prize for the best collection of music from movies or television dramas. This is its largest“money burning ” activity since it was financed with 50 million yuan.,Joyo 向公众宣布，将推出一个全新的奖项，旨在表彰中国音视频行业。该奖项为最佳影视音乐作品提供了 1000 万元的奖金。这是自获得 5000 万元融资以来，Joyo 最大的一次“烧钱”活动。
He is the biggest human trafficker in Southeast Asia.,他是东南亚最大的贩卖人口者。
They started a long discussion as soon as they met. Who knows how they found that much to talk about.,他们一见面就开始了长时间的讨论。谁知道他们怎么会找到那么多话题可聊。
I agree to lend him some money. But I didn’t expect him to ask for the equivalent of my monthly salary.,我同意借给他一些钱。但我没想到他会要求相当于我一个月工资的金额。
She usually buys vegetables in season to save money.,她通常购买应季的蔬菜以节省开支。
Mostly likely he won’t come because of the rain.,他很可能因为下雨而不来。
It’s their fault completely. But they made me take the responsibility for it.,完全是他们的错。但他们让我承担责任。
I think I should hang up now otherwise I’ll interfere with your work.,我想我应该挂断电话了，否则我会干扰你的工作。
He came back from the United States yesterday and gave two foreign-made“grenades” to his boss.,他昨天从美国回来，给他的老板带了两个外国制造的“手榴弹”。
"She got a lucky hand today. Every time we played, she won.",她今天运气很好。每次我们玩，她都赢了。
My mother rebuked me for coming home late.,我妈妈因为我回家晚而责备了我。
She prefers using her credit card to paying in cash.,她更喜欢用信用卡而不是现金支付。
He fooled around with shady characters again last night.,他昨晚又和一些可疑的人混在一起。
"He didn’t attend the party because he had something else to do, and everyone said he was playing the movie star.",他没有参加派对，因为他有其他事情要做，大家都说他在装电影明星。
I want nothing to do with him. He’s always going gambling and won’t listen to anyone.,我不想和他有任何关系。他总是去赌博，谁的话都不听。
Your son is extremely good looking. He has the right qualifications to be a model.,你的儿子非常帅。他具备成为模特的条件。
"If you really love him you shouldn’t make fun of him anymore.', 'She promised to treat him to dinner last night, so he waited two hours outside of a restaurant for her to show up. He finally realized that he was being stood up.",如果你真的爱他，就不应该再嘲笑他了。她昨晚答应请他吃晚餐，所以他在餐厅外等了她两个小时，最后他意识到自己被放了鸽子。
There are too many shoddy goods on the market.,市场上劣质商品太多了。
There are mainly two of privately organized shows in China; those that are profitable and those that are not. Usually new pop singers have to work their way up starting with shows that do not make much profit.,在中国，主要有两种私人组织的演出：一种是盈利的，另一种是非盈利的。通常，新晋流行歌手需要从那些利润不高的演出开始，逐步提升自己的知名度。
I put my handbag on the chair here and don’t know who stole it.,我把手提包放在这里的椅子上，不知道是谁偷了它。
Look at you. I just praised your good health yesterday and you are sick today.,看看你。昨天我还夸你身体好，今天你就生病了。
They dropped the lawsuit and settled the case privately after they received a large sum of money from the driver.,他们在从司机那里获得一笔巨额赔偿后，撤回了诉讼并私下和解了案件。
It’s not necessary for you to risk your life to fight him over such a trivial matter.,你没有必要为了这么琐碎的事情而冒着生命危险去和他争斗。
It won’t work in this way. Why don’t you change to another way? What a stubborn person you are!,这方法行不通。你为什么不换个方法呢？你真是个固执的人！
He didn’t want to court death for nothing.,他不想无缘无故地追求死亡。
I resigned the job because I hate to be the boss’ errand-boy.,我辞掉了这份工作，因为我讨厌做老板的跑腿。
"He made trouble for us on purpose. We decided to do it this way, but he insisted on doing it the opposite way.",他故意给我们制造麻烦。我们决定这样做，但他坚持要反过来做。
Most of all he likes to be flattered.,他最喜欢的是被奉承。
This new suit makes you look wonderful.,这套新西装让你看起来很棒。
"Many young girls are keen on changing their self-image by various means. They have no doubt become the targets of merchants who sell various products to make breasts bigger.', 'This product is most suitable for girls with flat breasts.",许多年轻女孩热衷于通过各种方式改变自己的形象。她们无疑成为了那些销售各种丰胸产品商家的目标。这个产品最适合胸部平坦的女孩。
"Not long ago, our program team went to visit actors and actresses at the filming location of the film“A World Without Thieves” and got a lot of the latest news of the film.",不久前，我们的节目组前往电影《无贼的世界》的拍摄地点，拜访了演员们，并获得了许多关于这部电影的最新消息。
"He will graduate from school soon. He has asked his father to help him find a job.', 'If you don’t get information in advance, you won’t know how to set up a joint venture.",他很快就要毕业了。他已经请他的父亲帮他找工作。如果你不提前获取信息，你就不知道如何建立合资企业。
Just go and do it bravely. Don’t worry. You have me to clear the way for you.,勇敢去做吧。别担心。我会为你开路的。
On weekends I love to go shopping and look for my favorite things.,在周末，我喜欢去购物，寻找我最喜欢的东西。
He always evades bus fares when the bus is crowded at the rush hours.,他总是在高峰时段公交车拥挤时逃避车费。
"He only met me once, but he acted as if we were old friends.",他只见过我一次，但他表现得就像我们是老朋友一样。
You should never go there. It might be a big trap they laid for you.,你绝对不应该去那里。那可能是他们为你设下的一个大陷阱。
Don’t trouble him with such a small thing. He is already in low spirits today.,不要用这么小的事打扰他。他今天已经情绪低落了。
This business is really profitable.,这个生意真的很赚钱。
She’s over thirty but she’s managed to maintain her cutie-pie image in the movies.,她已经三十多岁了，但她在电影中仍然成功保持了她的可爱形象。
She always keeps her eyes on my work and always tries to find fault with me.,她总是关注我的工作，并且总是试图找我的错。
He kept changing jobs until he found one he was satisfied with.,他不断换工作，直到找到一个让他满意的工作。
A—Could you lower the price of this jacket a little?\\nB—No. That’s already the lowest price.,A—你能把这件夹克的价格稍微降低一点吗？\\nB—不行。这已经是最低价格了。
"We are close friends, so your difficulties are my difficulties.",我们是密友，所以你的困难就是我的困难。
He asked some of his close friends to help him build the house.,他请了一些亲密的朋友帮他建房子。
This is my close friend. She’s just come back from the United States.,这是我亲密的朋友。她刚从美国回来。
I can stand the pain.,我能忍受疼痛。
He’s snoozing in the shade.,他在阴凉处打盹。
They are involved in the same illegal trade so they often help each other.,他们参与同样的非法交易，因此他们经常互相帮助。
He finally moved out of the shabby tube-shaped building in to a new apartment highrise.,他终于从那栋破旧的管状建筑搬到了新的高层公寓。
"This letter puzzled him. He didn’t know how to answer it properly.', 'She is in a stew over finding a baby-sitter.",这封信让他感到困惑。他不知道该如何正确地回答。她正在为找保姆而烦恼。
I can’t do it unless the head of the unit agrees.,我不能这样做，除非单位负责人同意。
He doesn’t dare take off his hat in front of people because he is a baldhead.,他不敢在别人面前脱掉帽子，因为他是个秃头。
You’re really unsophisticated. You haven’t even had Western-style dishes yet.,你真是太不懂世故了。你甚至还没有尝过西式菜肴。
I used to catch beetles and sell them in a drugstore when I was young.,我年轻的时候常常抓甲虫，然后在药店里卖它们。
She looked very unrefined when she first came to the city.,她刚到城市时看起来非常粗俗。
You can’t have free meals all the time. It’s your turn to foot the bill today.,你不能一直吃免费餐。今天轮到你买单了。
All the colleges and universities will hold a talk show competition each year and the winners might have an opportunity of stepping into a career as a television host.,所有高校每年都会举办一次脱口秀比赛，获胜者可能有机会进入电视主持人的职业生涯。
She was hired by my brother to be an“enthusiastic customer”.,她被我哥哥雇来当一个“热情的顾客”。
My business is not going well. Would you find two young women to be“enthusiastic customers” for me?,我的生意不太好。你能帮我找两个年轻女性作为“热情顾客”吗？
I had no idea he was so talented in this area.,我不知道他在这个领域如此有才华。
She got into trouble this time. When she arrived at the beach she found she had forgotten to bring her swimming suit.,她这次遇到了麻烦。当她到达海滩时，她发现自己忘记带游泳衣了。
She makes some extra money by tutoring in the evening.,她晚上通过辅导赚一些额外的钱。
He used to be a troublemaker.,他以前是个麻烦制造者。
"No one can easily handle the horse except me.', 'He is naughty that nobody can keep him under control.","Here is the translation of the provided text into Chinese:

“除了我，没有人能轻易驾驭这匹马。” “他很顽皮，没人能控制住他。”"
There are many troublemakers in this class.,这个班里有很多捣乱者。
The two boys are showing off their bike riding skills on the strect.,这两个男孩正在街上炫耀他们的骑自行车技巧。
You needn’t pretend to be sophisticated in front of me.,你不需要在我面前装得很成熟。
He likes to do unique things to differentiate himself from others.,他喜欢做一些独特的事情，以便与他人区分开来。
This is a very interesting game. Don’t you want to play it with me once?,这是一个非常有趣的游戏。你不想和我一起玩一次吗？
Don’t look down on him. He’s a famous celebrity.,不要看不起他。他是一位著名的名人。
Xiao Li has made many web friends in dthe six months since he was connecting to the Internet. He often goes to parties organized by web friends.,小李在过去六个月里上网交了很多网络朋友。他经常参加网络朋友组织的聚会。
She is afraid this matter is far from settled.,她担心这个问题远未解决。
He has a long tail (he never closes the door behind him).,他有一条长尾巴（他从不关身后的门）。
"She is a typical slow coach, so you must be extremely patient when you when you work with her.",她是一个典型的慢性子，所以和她一起工作时你必须非常有耐心。
"Most people engage in speculation to make money quickly, but he wants to invest in a factory and become an industrialist.",大多数人进行投机是为了快速赚钱，但他想投资一家工厂，成为一名工业家。
There was intermal dissension among them before the enemy’s invasion.,在敌人入侵之前，他们之间就存在内部纷争。
This fellow will be sent to lie low in the heart of the enemy.,这个家伙将被派去在敌人的心脏处潜伏。
The most eye-catching program on TV was a model contest a few years ago. Now the viewer ratings have gone downhill because there are too many contests like that.,几年前，电视上最引人注目的节目是一个模特比赛。现在，由于类似的比赛太多，观众收视率已经下滑。
"She’s got fine skin.', 'I haven’t seen such delicate workmanship in a watch before.",她的皮肤很好。' '我从未见过如此精致的手表工艺。
Don’t believe him. He’s only talking nonsense.,不要相信他。他只是在胡说八道。
"If you sue me for selling fake goods, I’ll be finished.",如果你起诉我出售假货，我就完了。
"They talked a big game, but they were at a loss as to what they should actually do.",他们口气很大，但对于实际该做什么却感到无从下手。
Many people gave up their regular jobs and started to do business.,许多人放弃了他们的常规工作，开始做生意。
"No matter what policies are made, the unit at the basic level refuses to carry them out.",无论制定什么政策，基层单位都拒绝执行。
All the local police have gone to their beats today.,所有当地警察今天都已回到各自的巡逻区域。
They get together either to chat or play chess.,他们聚在一起聊天或下棋。
He felt shamed by losing his voice in the middle of the speech.,他在演讲中途失声，感到非常羞愧。
I swear in Chairman Mao’s name that I didn’t take your book.,我以毛主席的名义发誓，我没有拿你的书。
"To ease up the overcrowding on bus No.320, the bus company is running minibuses along that route in addition to the normal bus service.",为了缓解320路公交车的拥挤情况，公交公司在该线路上除了正常的公交服务外，还增加了小型公交车。
I’ll treat you to small dishes today.,我今天请你吃小菜。
There are more and more little emperors now in China. It will become a social problem in the future.,在中国，现在的小皇帝越来越多。这将成为未来的社会问题。
My husband uses his private hoard to buy his cigarettes.,我丈夫用他的私房钱买香烟。
His work is so trivial that it isn’t worth mentioning.,他的工作如此微不足道，以至于不值得一提。
Comedy stars from all over the country have gathered in Beijing to attend the CCTV1999Evening show held on the eve of the lunar new year.,全国各地的喜剧明星齐聚北京，参加在农历新年除夕举行的CCTV1999晚会。
"I’m worried about him. No matter what he does, he likes doing it in unconventional ways.",我很担心他。无论他做什么，他都喜欢以非常规的方式去做。
At this time of the year the price of watermelons is incredibly high.,在这个季节，西瓜的价格非常高。
"Though she’s not pretty, she’s got a good heart.",虽然她长得不漂亮，但她心地善良。
She dreams of becoming a star and having a lot of fans.,她梦想成为一颗明星，拥有很多粉丝。
Her daughter’s room is full of pictures of male and female stars on the walls.,她女儿的房间墙上贴满了男明星和女明星的照片。
"I explained it to him again and again, but he still didn’t get it .', 'She suddenly realized that something was wrong .",我一次又一次地向他解释，但他仍然没有明白。她突然意识到有什么不对劲。
"During a foot ball match the enthusiastic football fans shouted, “Go! Go! Go!”to their favorite teams .",在一场足球比赛中，热情的足球迷们对他们喜欢的球队喊道：“加油！加油！加油！”
The old people like to kill their time by playing mahjong.,老年人喜欢通过打麻将来消磨时间。
They decided to teach the scoundred a lesson .,他们决定给那个无赖一个教训。
"Now there are so many kinds of shows including talk shows, 'live shows', 'and lingerie shows', etc .It is indeed a rich variety .",现在有很多种类的节目，包括脱口秀、直播秀和内衣秀等。确实是丰富多样。
"He didn’t come here to exercise, but to chase women and have fun .",他来这里不是为了锻炼，而是为了追求女人和玩乐。
Keep away from the wire .I think it’s dangerous to stand there .,远离电线。我觉得站在那里很危险。
Don’t amuse yourselves by playing tricks on others .,不要通过捉弄别人来取乐。
Don’t look down upon second-class citizens. They lead a better life than you do.,不要看不起二等公民。他们的生活比你过得更好。
How come you’re so slow! Speak up if you have anything to say.,你怎么这么慢！如果你有什么想说的，就大胆说出来。
In recent years it has been a growing trend for young people to study or work abroad.,近年来，越来越多的年轻人选择出国学习或工作。
"He gives people a spirited, 'youthful feeling', 'not only in his movies', but also in real life.",他给人一种充满活力的“年轻感觉”，不仅在他的电影中，也在现实生活中。
How can I afford a concubine with such little money?,我怎么能用这么少的钱养得起一个妾？
Why don’t you speak? What wicked ideas are you thinking?,你为什么不说话？你在想什么邪恶的主意？
"Once an illegal trader is caught, he will be fined heavily.",一旦非法交易者被抓，他将面临重罚。
The shop hired some amateur models to present the shop’s new clothing to customers.,商店雇佣了一些业余模特来向顾客展示新衣服。
If I had him as a night assistant she would be relieved.,如果我有他作为夜间助手，她会感到宽慰。
He wants to find a job where he can make big money.,他想找一份能赚大钱的工作。
She took the dress away and gave me a hundred yuan.,她把裙子拿走了，给了我一百元。
They went to the bathroom just a few minutes ago.,他们刚刚去洗手间几分钟前。
"The students of the dancing class he teaches are all girls, not one boy participated.",他教的舞蹈班的学生都是女孩，没有一个男孩参加。
This case completely puzzled him. He had no idea how to handle it at all.,这个案件完全让他感到困惑。他完全不知道该如何处理。
We have to send something to him as a token of appreciation for his help.,我们必须给他寄一些东西，以表达我们对他帮助的感谢。
"He gave good impression to people, so nobody knew that he could have been a drug addict.",他给人们留下了良好的印象，因此没有人知道他可能是个毒瘾者。
"Although you are 47, you’re still as bold as a young man.",尽管你已经47岁，但你依然像年轻人一样大胆。
He is very crafty. He seldom lets you know what he’s doing.,他非常狡猾。他很少让你知道他在做什么。
I must take a shower. I feel like a shiny field cricket.,我必须去洗个澡。我感觉像一只闪亮的田野蟋蟀。
You are really capable. You can solve problems which others can’t.,你真的很有能力。你能解决别人无法解决的问题。
I don’t think he lied to me because he described the whole thing in vivid detail.,我不认为他对我撒谎，因为他详细生动地描述了整个事情。
It’s not hard for him to do this because he’s got connections in this field.,对他来说，这并不难，因为他在这个领域有关系。
Those who sit on the rostrum are some bodies of the school,坐在讲台上的是学校的一些人员。
He doesn’t take other’s suggestions seriously.,他不认真对待别人的建议。
He enjoys the reputation of being the best chess player in this building.,他享有这栋楼里最佳国际象棋选手的声誉。
"My friend didn’t get good marks in the mid-term examination, so he is depressed now.",我的朋友在期中考试中没有取得好成绩，所以他现在很沮丧。
"I remember I was taller than you, but now we’re the same height. I doubt I’ve shrunk.",我记得我比你高，但现在我们一样高。我怀疑我没有变矮。
My wife is going to give birth. Would you help me find a maid to care for her?,我妻子要生孩子了。你能帮我找一个保姆来照顾她吗？
He deliberately told us the story in a mysterious way in order to draw our attention.,他故意以神秘的方式告诉我们这个故事，以引起我们的注意。
"You overcharged me for this small thing.', 'He knows he was ripped off today.","你对我这个小东西收费太高了。', '他知道今天被坑了。"
Don’t harm your health by heavy smoking .,不要通过大量吸烟来危害你的健康。
"You may bring your girl friends to our home, but don’t mess things up.",你可以带你的女朋友们来我们家，但不要搞乱东西。
"Before this movie was screened, all the media began to promote it.",在这部电影放映之前，所有媒体都开始宣传它。
He’s got into the habit of drinking draught beer. He can’t have his meals without it.,他已经养成了喝生啤酒的习惯。没有它，他无法吃饭。
He wants to make money to buy a car first.,他想先赚钱买车。
He was so thirsty that he drank two mugs of draught beer.,他口渴得厉害，喝了两杯生啤酒。
"Now it’s hard to do business, so many companies are in debt to other companies.",现在做生意很困难，许多公司欠其他公司的债。
This film is not interesting. All it describes are the problems of society.,这部电影没有趣。它所描述的只是社会的问题。
"When a cat is frightened its fur bristles.', 'Look at your clothes. They are sticking up.",当猫感到害怕时，它的毛发会竖起。看看你的衣服。它们也竖起来了。
"The vendor’s performance  went hardly. As a result it raised a ruckus, and the vendor himself was taken away by the market administration staff.",供应商的表现非常糟糕。因此，引发了一场骚动，供应商本人被市场管理人员带走了。
The book he selected is the best on the bookshelf.,他挑选的书是书架上最好的。
"As soon as the Spring Festival was over, pirated software and CD_ROM sellers appeared again in streets and lanes or at the subway stations.",春节一结束，街头巷尾和地铁站又出现了盗版软件和光盘卖家。
She has raised her social status and become the director of the workshop since I last saw her three years ago.,她自从我三年前最后一次见到她以来，提升了自己的社会地位，成为了车间的主任。
"Her son often stirs up trouble in school.', 'It’s easy for a beautiful girl to bring trouble upon herself.",她的儿子在学校里经常惹麻烦。一个漂亮女孩很容易给自己带来麻烦。
"The sight is really magnificent.', 'This is a good idea indeed.","The translation of the provided text to Chinese is:

""这个景象真是壮观。"", ""这确实是个好主意。"""
I’m thinking of a way to get there as soon as possible.,我在想一个尽快到达那里的办法。
I don’t know how he got me into trouble.,我不知道他是怎么让我陷入麻烦的。
"I lied to him saying I was sick and could not go to work. He took me seriously and came to see me.', 'Tell me truthfully. Do you love him or not?', 'He is serious this time, not joking.","Sure! Here is the translation of the provided text into Chinese:

我对他说我生病了，不能去工作，我撒谎了。他很认真，来找我了。  
老实告诉我，你爱他吗？  
这次他是认真的，不是开玩笑。"
The news that she broke the world record in woman’s marathon caused a sensation.,她打破女子马拉松世界纪录的消息引起了轰动。
Now no one wants to work in a“distilled water unit” .,现在没有人想在“蒸馏水单位”工作。
Most pop singers are made known to the public by over promotion through the mass media.,大多数流行歌手是通过大众媒体的过度宣传而为公众所知的。
"She lost the game because her husband didn’t give her any advice.', 'Would you please help me think of a way to cheer her up?",她输掉了比赛，因为她的丈夫没有给她任何建议。你能帮我想个办法让她开心起来吗？
"Let’s get to the point.', 'She likes to do and say things in a straightforward manner.",让我们直截了当地说。她喜欢以直接的方式做事和说话。
"Although the medium-sized buses are more expensive than public ones, they are much cheaper than taxis.",虽然中型公交车比公共交通工具贵，但它们比出租车便宜得多。
Your movements are rather stiff. Relax a little.,你的动作有点僵硬。放松一点。
I don’t want to go to the fair at this time of the day. It is overcrowded now. I would rather go latter.,我不想在这个时候去集市。现在人太多了。我宁愿晚一点去。
"He is well prepared for examinations, so he never finds himself at a loss no matter how hard a test is.",他为考试做好了充分的准备，因此无论考试多么困难，他都不会感到困惑。
It’s so difficult for me to find your home. I kept walking around and around in this area for long time but found it at last.,我找你的家真是太困难了。我在这个地区转了很久，最后终于找到了。
Don’t pretend. I know there’s nothing wrong with your leg.\\nYou simply don’t want to go with us.,别假装了。我知道你的腿没问题。\\n你只是根本不想和我们一起去。
A lot of traffic accidents are tailgating caused by people.,许多交通事故是由于人们的跟车驾驶造成的。
It must be really comfortable working alone in such a big office.,在这么大的办公室里独自工作一定很舒服。
He really feels in heaven having a smoke after a meal.,他在饭后抽烟时真的感觉像在天堂一样。
He doesn’t earn a lot. There is not much money left at the end of each month.,他赚的不多。每个月结束时剩下的钱不多。
You didn’t listen to my suggestions and insisted on going ahead. Now you got what you deserve.,你没有听我的建议，坚持要继续。现在你得到了应有的结果。
A—Have you wrapped the book up?\\nB—Right away. Here you go.,A—你把书包好了吗？\\nB—马上就来。给你。
He has been unlucky recently. Last week his cellular phone was stolen and this week his car was run into and damaged.,他最近运气不好。上周他的手机被偷了，这周他的车被撞了，受了损坏。
He has a lot of money by working as a middleman in the past two years.,他在过去两年里通过做中介赚了很多钱。
The boy overdid it with kung-fu films. He thought he could jump from a tree and ending up breaking his legs.,那个男孩看太多功夫电影了。他以为自己可以从树上跳下来，结果摔断了腿。
It’s no use for you to stay here any more. You’d better scram immediately.,待在这里对你没有任何好处。你最好立刻离开。
A--I saw you with a girl in a cinema yesterday.\\nB--You must have mistaken someone else for me. I didn’t go anywhere yesterday. I was at home all day.,"A--我昨天在电影院看到你和一个女孩在一起。  
B--你一定是把别人认成我了。我昨天没去任何地方。我整天都在家。"
"Philiet, 'the thirty-five-year old crown prince of Denmark', is the first heir to the kingship of Denmark. He was once the most celebrated wealth bachelor in Europe.","菲利特，""丹麦三十五岁的王储""，是丹麦王位的第一继承人。他曾是欧洲最受欢迎的富有单身汉。"
Her son often invites his friends over to run wild at her home when she goes on a trip.,她的儿子经常在她出门旅行时邀请朋友们来家里尽情玩耍。
This news will surely make him unhappy.,这条消息肯定会让他不高兴。
He came to the office perching on the back of a bicycle.,他骑着自行车来到办公室。
Your request put me in a very difficult situation.,你的请求让我处于一个非常困难的境地。
My daughter brought credit to me by entering a world-famous university.,我女儿通过进入一所世界著名大学为我争光。
Are you looking for trouble by drinking too much wine?,你喝太多酒是在找麻烦吗？
"He was invited to give a show at the TV station, but he politely refused as he was afraid that he would make an exhibition of himself and ruin his good reputation.",他受邀在电视台表演，但他礼貌地拒绝了，因为他担心自己会出丑，毁掉自己的好名声。
